Benchmark;Size;Score (ns/op)
"add";10000;30124.893324926652
"add";20000;58702.34522645549
"add";30000;85520.1132026387
"add";40000;116612.12016689981
"add";50000;146102.8438804221
"add";60000;163410.46199447298
"add";70000;208225.90792719866
"add";80000;229367.35541776777
"add";90000;262982.2272324491
"add";100000;272897.43120607384
"addAll";10000;17683.55072779575
"addAll";20000;32670.610165836963
"addAll";30000;47142.74713136631
"addAll";40000;65963.17512463617
"addAll";50000;82059.1127521285
"addAll";60000;104270.20765508419
"addAll";70000;144966.3860006701
"addAll";80000;219966.9002655533
"addAll";90000;187660.23738455342
"addAll";100000;193349.0926677504
"addFirst";10000;30052.36353297743
"addFirst";20000;61787.24715297777
"addFirst";30000;82349.65913027825
"addFirst";40000;118719.77318157411
"addFirst";50000;136197.2128150134
"addFirst";60000;163416.16630243618
"addFirst";70000;202063.52755982228
"addFirst";80000;223505.23202197414
"addFirst";90000;265351.606907698
"addFirst";100000;267050.5497098745
"addLast";10000;30751.343557869535
"addLast";20000;59590.86014170487
"addLast";30000;84181.38975696529
"addLast";40000;126205.83545037305
"addLast";50000;176255.0399613079
"addLast";60000;202765.9862409836
"addLast";70000;268887.1619357091
"addLast";80000;331650.8837804964
"addLast";90000;374461.4528089852
"addLast";100000;355598.512826069
"clear";10000;35.59452476692865
"clear";20000;41.42127874410307
"clear";30000;49.33088132839606
"clear";40000;55.08541816270224
"clear";50000;48.19597037444239
"clear";60000;50.7918232209455
"clear";70000;50.85259445350321
"clear";80000;64.55771802887529
"clear";90000;59.015727130584104
"clear";100000;69.6676531650216
"constructorCapacity";10000;784.6125690879911
"constructorCapacity";20000;1505.5076306557312
"constructorCapacity";30000;1805.0420790091437
"constructorCapacity";40000;2986.440685169718
"constructorCapacity";50000;2989.45490722827
"constructorCapacity";60000;4232.512663009982
"constructorCapacity";70000;6268.459648621982
"constructorCapacity";80000;6679.664085408564
"constructorCapacity";90000;5294.3044159867195
"constructorCapacity";100000;4698.599570793366
"constructorCollection";10000;23162.865537727765
"constructorCollection";20000;45983.491967788024
"constructorCollection";30000;67235.36014431909
"constructorCollection";40000;92515.61731449499
"constructorCollection";50000;143749.5921483583
"constructorCollection";60000;141832.1609963449
"constructorCollection";70000;169650.83627063013
"constructorCollection";80000;202151.0454305728
"constructorCollection";90000;246765.65994529487
"constructorCollection";100000;263123.5348991975
"constructorDefault";10000;29.071508596800957
"constructorDefault";20000;40.51114287498134
"constructorDefault";30000;46.03386701206875
"constructorDefault";40000;51.91045472806021
"constructorDefault";50000;68.37535985037186
"constructorDefault";60000;48.95787409259313
"constructorDefault";70000;72.48093399477182
"constructorDefault";80000;91.56902067020063
"constructorDefault";90000;80.28243890695393
"constructorDefault";100000;93.93839038645957
"contains";10000;10268.772206498048
"contains";20000;8040.299299866612
"contains";30000;11640.919424813284
"contains";40000;15693.682820532484
"contains";50000;19342.60902445734
"contains";60000;23304.38865439399
"contains";70000;32687.88203017454
"contains";80000;51917.012009052974
"contains";90000;37725.488275608215
"contains";100000;88450.033584003
"containsAll";10000;141069.5535003727
"containsAll";20000;285204.1021872713
"containsAll";30000;433424.5663976712
"containsAll";40000;556441.5604387607
"containsAll";50000;703280.8276228756
"containsAll";60000;847941.2791442588
"containsAll";70000;970706.8424265942
"containsAll";80000;1126112.918910213
"containsAll";90000;1273000.8978538678
"containsAll";100000;1399430.9049900433
"descendingIteratorConsumption";10000;6665.4436894067885
"descendingIteratorConsumption";20000;13009.415468324905
"descendingIteratorConsumption";30000;19272.296426776476
"descendingIteratorConsumption";40000;25181.223165228876
"descendingIteratorConsumption";50000;31594.67442448964
"descendingIteratorConsumption";60000;37980.08587049285
"descendingIteratorConsumption";70000;44072.88779273445
"descendingIteratorConsumption";80000;50784.38565765958
"descendingIteratorConsumption";90000;60266.55016896717
"descendingIteratorConsumption";100000;62947.17530656716
"element";10000;28.976191654457327
"element";20000;47.26850849192052
"element";30000;45.43630004737302
"element";40000;39.817511719172614
"element";50000;41.40093338312669
"element";60000;46.051766738477276
"element";70000;50.4758977787005
"element";80000;44.15347286713651
"element";90000;76.89014194535704
"element";100000;82.46085121260784
"equalsBenchmark";10000;56961.04821511162
"equalsBenchmark";20000;144985.83333423772
"equalsBenchmark";30000;214976.46889138976
"equalsBenchmark";40000;291912.93288711243
"equalsBenchmark";50000;357821.19493940676
"equalsBenchmark";60000;424493.68254230934
"equalsBenchmark";70000;483609.50175788376
"equalsBenchmark";80000;544720.2350732889
"equalsBenchmark";90000;652029.7585155534
"equalsBenchmark";100000;682540.614279476
"getFirst";10000;29.71207791028284
"getFirst";20000;40.741098413807855
"getFirst";30000;36.08054939427876
"getFirst";40000;64.03973495885164
"getFirst";50000;46.128305050741744
"getFirst";60000;68.23570118184963
"getFirst";70000;72.1031388851181
"getFirst";80000;100.83311623435907
"getFirst";90000;60.31525386289061
"getFirst";100000;169.8493592059923
"getLast";10000;35.12156831177828
"getLast";20000;49.78596923741353
"getLast";30000;52.75410113006891
"getLast";40000;54.65486093844786
"getLast";50000;70.38273061755088
"getLast";60000;67.15229181724571
"getLast";70000;45.90270710626877
"getLast";80000;47.76092211812656
"getLast";90000;66.41727832616216
"getLast";100000;77.17778815687798
"isEmpty";10000;29.43876099782062
"isEmpty";20000;42.72827617595675
"isEmpty";30000;45.19733085420896
"isEmpty";40000;43.25215433648222
"isEmpty";50000;46.408572057804896
"isEmpty";60000;47.435057617424654
"isEmpty";70000;73.00465871805977
"isEmpty";80000;48.71663107141061
"isEmpty";90000;101.3430319000555
"isEmpty";100000;73.98569160950824
"iteratorConsumption";10000;7134.872738911952
"iteratorConsumption";20000;13802.493903597837
"iteratorConsumption";30000;20344.17613033659
"iteratorConsumption";40000;27945.219396105447
"iteratorConsumption";50000;34277.24066401041
"iteratorConsumption";60000;40871.91920138889
"iteratorConsumption";70000;50435.85724750492
"iteratorConsumption";80000;58425.84863442532
"iteratorConsumption";90000;63401.26430936209
"iteratorConsumption";100000;68075.06811114615
"offer";10000;33689.01011507918
"offer";20000;68192.32352620464
"offer";30000;93268.7543359241
"offer";40000;130031.23484915223
"offer";50000;175595.06525626752
"offer";60000;186483.6926824878
"offer";70000;237480.12530114
"offer";80000;271224.1296936076
"offer";90000;302828.83335576067
"offer";100000;315139.9542364834
"offerFirst";10000;33134.67232929979
"offerFirst";20000;68223.7482396529
"offerFirst";30000;95000.0004937648
"offerFirst";40000;127173.35530463206
"offerFirst";50000;158850.71358176242
"offerFirst";60000;183005.7242251242
"offerFirst";70000;221835.76569339636
"offerFirst";80000;251723.25037188033
"offerFirst";90000;280415.8548130128
"offerFirst";100000;301407.1313793233
"offerLast";10000;35303.54193299149
"offerLast";20000;70732.79081197457
"offerLast";30000;106664.62554620129
"offerLast";40000;140814.03118004664
"offerLast";50000;194550.32658260132
"offerLast";60000;194749.0003535869
"offerLast";70000;253695.70906715808
"offerLast";80000;313053.50513665174
"offerLast";90000;311890.24324854015
"offerLast";100000;334256.3244183385
"peek";10000;31.108811137846306
"peek";20000;52.4675485505442
"peek";30000;50.82879131121749
"peek";40000;36.90160663778132
"peek";50000;53.84375726890781
"peek";60000;45.61668875134836
"peek";70000;38.4365572737049
"peek";80000;46.37428564541333
"peek";90000;94.87980982535106
"peek";100000;82.04092805699821
"peekFirst";10000;35.18897017001033
"peekFirst";20000;48.55750593576999
"peekFirst";30000;47.28532423556596
"peekFirst";40000;53.84511329686927
"peekFirst";50000;90.25902048544486
"peekFirst";60000;123.63779516000606
"peekFirst";70000;128.68761828864393
"peekFirst";80000;70.39263674897207
"peekFirst";90000;77.49408956919315
"peekFirst";100000;76.50274719478273
"peekLast";10000;26.755327282557307
"peekLast";20000;37.214760613326064
"peekLast";30000;42.53468786757842
"peekLast";40000;49.53072325811117
"peekLast";50000;45.51202276052584
"peekLast";60000;48.91434374594278
"peekLast";70000;84.12145659150555
"peekLast";80000;114.2959423192886
"peekLast";90000;55.13372743080698
"peekLast";100000;92.07066211409354
"poll";10000;19178.33522073121
"poll";20000;45442.52201925381
"poll";30000;66204.53356531194
"poll";40000;92189.04197723306
"poll";50000;118030.47242866603
"poll";60000;142031.33995001172
"poll";70000;171245.24876592378
"poll";80000;200681.16913021027
"poll";90000;217904.23982567448
"poll";100000;240446.23127806108
"pollFirst";10000;19638.381398065456
"pollFirst";20000;47937.75046635404
"pollFirst";30000;68467.76577017241
"pollFirst";40000;97470.08761665395
"pollFirst";50000;115449.1385845723
"pollFirst";60000;140753.26933680524
"pollFirst";70000;169571.39719902384
"pollFirst";80000;188153.19206098292
"pollFirst";90000;225203.51709428302
"pollFirst";100000;249401.46563966843
"pollLast";10000;18973.71551534191
"pollLast";20000;44948.58626788503
"pollLast";30000;67505.2485096386
"pollLast";40000;91901.84379057889
"pollLast";50000;116086.80439825352
"pollLast";60000;137683.64187777916
"pollLast";70000;166005.76547443247
"pollLast";80000;191405.90815684196
"pollLast";90000;218986.35487798435
"pollLast";100000;240043.45498056125
"pop";10000;22423.994563925615
"pop";20000;46234.94025146726
"pop";30000;69987.78861448837
"pop";40000;94478.25506304098
"pop";50000;115783.40381977927
"pop";60000;138573.91001463286
"pop";70000;167560.06201673698
"pop";80000;192282.8322858146
"pop";90000;218797.07175916727
"pop";100000;239530.97203493715
"push";10000;31976.463609036586
"push";20000;63644.34753701309
"push";30000;89953.26499162847
"push";40000;119467.49346230352
"push";50000;148081.39698550463
"push";60000;173548.93672904233
"push";70000;210792.7060203535
"push";80000;240990.8973554233
"push";90000;272453.62086386286
"push";100000;287163.4988329713
"remove";10000;22837.94523132067
"remove";20000;45937.3048509949
"remove";30000;71708.7722980979
"remove";40000;94576.61427687953
"remove";50000;116963.1441789556
"remove";60000;141895.05107093847
"remove";70000;182687.39952807673
"remove";80000;194747.99979667683
"remove";90000;221911.07133553494
"remove";100000;249277.7832221752
"removeAll";10000;152954.40471348606
"removeAll";20000;310253.4741678711
"removeAll";30000;485569.3758834153
"removeAll";40000;655366.6182045841
"removeAll";50000;810727.5192582923
"removeAll";60000;1049485.6111423294
"removeAll";70000;1155659.466150421
"removeAll";80000;1254963.8460898711
"removeAll";90000;1455070.6287631865
"removeAll";100000;1579350.0998557068
"removeFirst";10000;22308.725769029843
"removeFirst";20000;45595.596185767085
"removeFirst";30000;67712.5594673461
"removeFirst";40000;94111.2592955714
"removeFirst";50000;121492.97173871087
"removeFirst";60000;136210.91835741597
"removeFirst";70000;168668.05809390877
"removeFirst";80000;191593.01296956153
"removeFirst";90000;222781.0202685193
"removeFirst";100000;271587.3669261083
"removeFirstOccurrence";10000;29488.05513690658
"removeFirstOccurrence";20000;68540.97840277557
"removeFirstOccurrence";30000;109172.01143371845
"removeFirstOccurrence";40000;144005.4072620813
"removeFirstOccurrence";50000;178712.38616708355
"removeFirstOccurrence";60000;221796.67526357304
"removeFirstOccurrence";70000;329583.5156491615
"removeFirstOccurrence";80000;355086.79006033624
"removeFirstOccurrence";90000;399307.4463657285
"removeFirstOccurrence";100000;476715.59426452196
"removeLast";10000;22426.69288023122
"removeLast";20000;52308.640644148436
"removeLast";30000;72347.70994648304
"removeLast";40000;97051.18732897045
"removeLast";50000;128077.94441017912
"removeLast";60000;144175.16441987688
"removeLast";70000;175683.9645331142
"removeLast";80000;198752.5266211872
"removeLast";90000;222895.85389696868
"removeLast";100000;304062.14492579404
"removeLastOccurrence";10000;29087.693361011847
"removeLastOccurrence";20000;79006.35339839489
"removeLastOccurrence";30000;117529.58977556993
"removeLastOccurrence";40000;161092.7037403516
"removeLastOccurrence";50000;208259.60466323138
"removeLastOccurrence";60000;246868.8650548933
"removeLastOccurrence";70000;293560.1209382094
"removeLastOccurrence";80000;336093.31458975334
"removeLastOccurrence";90000;381815.7115654096
"removeLastOccurrence";100000;433718.40425963415
"removeObject";10000;28526.218938316928
"removeObject";20000;67346.7955428949
"removeObject";30000;102899.9738883272
"removeObject";40000;132915.95405021138
"removeObject";50000;167279.49422437054
"removeObject";60000;214009.03884638695
"removeObject";70000;270541.7195600558
"removeObject";80000;322081.8419992437
"removeObject";90000;371008.9953128845
"removeObject";100000;466223.2679105263
"retainAll";10000;128102.04051988614
"retainAll";20000;286973.99119466473
"retainAll";30000;431169.73697803123
"retainAll";40000;586025.0662803445
"retainAll";50000;738140.6532526793
"retainAll";60000;880446.5946070916
"retainAll";70000;1043177.1664300758
"retainAll";80000;1449061.4904029586
"retainAll";90000;1336063.5610227485
"retainAll";100000;1548844.4200256679
"size";10000;27.596485574006362
"size";20000;53.877312654971725
"size";30000;50.90931115820271
"size";40000;58.16007923775239
"size";50000;52.981945873504195
"size";60000;48.47009937055117
"size";70000;54.950498058926435
"size";80000;109.29697759205958
"size";90000;62.37843806883213
"size";100000;69.75155500480575
"toArray";10000;1398.5511222130501
"toArray";20000;2861.0935433559957
"toArray";30000;4376.037520910799
"toArray";40000;5863.583907342512
"toArray";50000;7466.707188051215
"toArray";60000;9635.90995277025
"toArray";70000;13996.131793235989
"toArray";80000;15093.439230817117
"toArray";90000;13625.446179225546
"toArray";100000;14874.91020791159
"toArrayTyped";10000;6943.187192095884
"toArrayTyped";20000;13834.643781287165
"toArrayTyped";30000;19269.642026630714
"toArrayTyped";40000;25402.10688206244
"toArrayTyped";50000;31970.122012627213
"toArrayTyped";60000;39549.084902754694
"toArrayTyped";70000;45840.59735924052
"toArrayTyped";80000;54881.79428959164
"toArrayTyped";90000;61211.50851603272
"toArrayTyped";100000;77351.49309750018
"toStringBenchmark";10000;176760.31455557715
"toStringBenchmark";20000;384603.63108512206
"toStringBenchmark";30000;527794.3203685031
"toStringBenchmark";40000;745893.6839012216
"toStringBenchmark";50000;886698.9191531703
"toStringBenchmark";60000;1175695.8953464078
"toStringBenchmark";70000;1318282.400777612
"toStringBenchmark";80000;1386396.5422817923
"toStringBenchmark";90000;1598529.696816724
"toStringBenchmark";100000;1857951.8351986443
