"Benchmark","Mode","Threads","Samples","Score","Score Error (99.9%)","Unit","Param: size"
"customdeque.CustomArrayDequePerformanceTest.add","avgt",1,3,30124.893325,5261.457519,"ns/op",10000
"customdeque.CustomArrayDequePerformanceTest.add","avgt",1,3,58702.345226,3272.389254,"ns/op",20000
"customdeque.CustomArrayDequePerformanceTest.add","avgt",1,3,85520.113203,7735.797004,"ns/op",30000
"customdeque.CustomArrayDequePerformanceTest.add","avgt",1,3,116612.120167,27450.557343,"ns/op",40000
"customdeque.CustomArrayDequePerformanceTest.add","avgt",1,3,146102.843880,250319.124185,"ns/op",50000
"customdeque.CustomArrayDequePerformanceTest.add","avgt",1,3,163410.461994,106530.624498,"ns/op",60000
"customdeque.CustomArrayDequePerformanceTest.add","avgt",1,3,208225.907927,30596.003791,"ns/op",70000
"customdeque.CustomArrayDequePerformanceTest.add","avgt",1,3,229367.355418,25906.871355,"ns/op",80000
"customdeque.CustomArrayDequePerformanceTest.add","avgt",1,3,262982.227232,258425.723196,"ns/op",90000
"customdeque.CustomArrayDequePerformanceTest.add","avgt",1,3,272897.431206,52598.008090,"ns/op",100000
"customdeque.CustomArrayDequePerformanceTest.addAll","avgt",1,3,17683.550728,41514.380949,"ns/op",10000
"customdeque.CustomArrayDequePerformanceTest.addAll","avgt",1,3,32670.610166,28040.140585,"ns/op",20000
"customdeque.CustomArrayDequePerformanceTest.addAll","avgt",1,3,47142.747131,5391.996120,"ns/op",30000
"customdeque.CustomArrayDequePerformanceTest.addAll","avgt",1,3,65963.175125,48278.374206,"ns/op",40000
"customdeque.CustomArrayDequePerformanceTest.addAll","avgt",1,3,82059.112752,22953.921041,"ns/op",50000
"customdeque.CustomArrayDequePerformanceTest.addAll","avgt",1,3,104270.207655,65265.783129,"ns/op",60000
"customdeque.CustomArrayDequePerformanceTest.addAll","avgt",1,3,144966.386001,202653.358067,"ns/op",70000
"customdeque.CustomArrayDequePerformanceTest.addAll","avgt",1,3,219966.900266,161250.941884,"ns/op",80000
"customdeque.CustomArrayDequePerformanceTest.addAll","avgt",1,3,187660.237385,503707.740818,"ns/op",90000
"customdeque.CustomArrayDequePerformanceTest.addAll","avgt",1,3,193349.092668,477634.349039,"ns/op",100000
"customdeque.CustomArrayDequePerformanceTest.addFirst","avgt",1,3,30052.363533,2392.134712,"ns/op",10000
"customdeque.CustomArrayDequePerformanceTest.addFirst","avgt",1,3,61787.247153,8886.267031,"ns/op",20000
"customdeque.CustomArrayDequePerformanceTest.addFirst","avgt",1,3,82349.659130,27766.292450,"ns/op",30000
"customdeque.CustomArrayDequePerformanceTest.addFirst","avgt",1,3,118719.773182,55306.233932,"ns/op",40000
"customdeque.CustomArrayDequePerformanceTest.addFirst","avgt",1,3,136197.212815,1952.938491,"ns/op",50000
"customdeque.CustomArrayDequePerformanceTest.addFirst","avgt",1,3,163416.166302,109357.830981,"ns/op",60000
"customdeque.CustomArrayDequePerformanceTest.addFirst","avgt",1,3,202063.527560,88390.183325,"ns/op",70000
"customdeque.CustomArrayDequePerformanceTest.addFirst","avgt",1,3,223505.232022,187532.721868,"ns/op",80000
"customdeque.CustomArrayDequePerformanceTest.addFirst","avgt",1,3,265351.606908,95498.959868,"ns/op",90000
"customdeque.CustomArrayDequePerformanceTest.addFirst","avgt",1,3,267050.549710,104336.704865,"ns/op",100000
"customdeque.CustomArrayDequePerformanceTest.addLast","avgt",1,3,30751.343558,12588.382289,"ns/op",10000
"customdeque.CustomArrayDequePerformanceTest.addLast","avgt",1,3,59590.860142,44192.134723,"ns/op",20000
"customdeque.CustomArrayDequePerformanceTest.addLast","avgt",1,3,84181.389757,17329.770111,"ns/op",30000
"customdeque.CustomArrayDequePerformanceTest.addLast","avgt",1,3,126205.835450,7677.858139,"ns/op",40000
"customdeque.CustomArrayDequePerformanceTest.addLast","avgt",1,3,176255.039961,282376.912927,"ns/op",50000
"customdeque.CustomArrayDequePerformanceTest.addLast","avgt",1,3,202765.986241,75479.295584,"ns/op",60000
"customdeque.CustomArrayDequePerformanceTest.addLast","avgt",1,3,268887.161936,229400.665797,"ns/op",70000
"customdeque.CustomArrayDequePerformanceTest.addLast","avgt",1,3,331650.883780,210364.167669,"ns/op",80000
"customdeque.CustomArrayDequePerformanceTest.addLast","avgt",1,3,374461.452809,455821.459980,"ns/op",90000
"customdeque.CustomArrayDequePerformanceTest.addLast","avgt",1,3,355598.512826,115544.594724,"ns/op",100000
"customdeque.CustomArrayDequePerformanceTest.clear","avgt",1,3,35.594525,203.695417,"ns/op",10000
"customdeque.CustomArrayDequePerformanceTest.clear","avgt",1,3,41.421279,21.290799,"ns/op",20000
"customdeque.CustomArrayDequePerformanceTest.clear","avgt",1,3,49.330881,90.178331,"ns/op",30000
"customdeque.CustomArrayDequePerformanceTest.clear","avgt",1,3,55.085418,85.034597,"ns/op",40000
"customdeque.CustomArrayDequePerformanceTest.clear","avgt",1,3,48.195970,174.095842,"ns/op",50000
"customdeque.CustomArrayDequePerformanceTest.clear","avgt",1,3,50.791823,181.858370,"ns/op",60000
"customdeque.CustomArrayDequePerformanceTest.clear","avgt",1,3,50.852594,129.207668,"ns/op",70000
"customdeque.CustomArrayDequePerformanceTest.clear","avgt",1,3,64.557718,267.182994,"ns/op",80000
"customdeque.CustomArrayDequePerformanceTest.clear","avgt",1,3,59.015727,183.063921,"ns/op",90000
"customdeque.CustomArrayDequePerformanceTest.clear","avgt",1,3,69.667653,279.475393,"ns/op",100000
"customdeque.CustomArrayDequePerformanceTest.constructorCapacity","avgt",1,3,784.612569,508.542956,"ns/op",10000
"customdeque.CustomArrayDequePerformanceTest.constructorCapacity","avgt",1,3,1505.507631,896.600709,"ns/op",20000
"customdeque.CustomArrayDequePerformanceTest.constructorCapacity","avgt",1,3,1805.042079,8091.739452,"ns/op",30000
"customdeque.CustomArrayDequePerformanceTest.constructorCapacity","avgt",1,3,2986.440685,3343.335021,"ns/op",40000
"customdeque.CustomArrayDequePerformanceTest.constructorCapacity","avgt",1,3,2989.454907,207.472238,"ns/op",50000
"customdeque.CustomArrayDequePerformanceTest.constructorCapacity","avgt",1,3,4232.512663,15989.951572,"ns/op",60000
"customdeque.CustomArrayDequePerformanceTest.constructorCapacity","avgt",1,3,6268.459649,514.281441,"ns/op",70000
"customdeque.CustomArrayDequePerformanceTest.constructorCapacity","avgt",1,3,6679.664085,32765.599509,"ns/op",80000
"customdeque.CustomArrayDequePerformanceTest.constructorCapacity","avgt",1,3,5294.304416,6614.359857,"ns/op",90000
"customdeque.CustomArrayDequePerformanceTest.constructorCapacity","avgt",1,3,4698.599571,338.976533,"ns/op",100000
"customdeque.CustomArrayDequePerformanceTest.constructorCollection","avgt",1,3,23162.865538,26465.607682,"ns/op",10000
"customdeque.CustomArrayDequePerformanceTest.constructorCollection","avgt",1,3,45983.491968,25127.763011,"ns/op",20000
"customdeque.CustomArrayDequePerformanceTest.constructorCollection","avgt",1,3,67235.360144,14583.810348,"ns/op",30000
"customdeque.CustomArrayDequePerformanceTest.constructorCollection","avgt",1,3,92515.617314,29153.455465,"ns/op",40000
"customdeque.CustomArrayDequePerformanceTest.constructorCollection","avgt",1,3,143749.592148,561869.825359,"ns/op",50000
"customdeque.CustomArrayDequePerformanceTest.constructorCollection","avgt",1,3,141832.160996,67301.172935,"ns/op",60000
"customdeque.CustomArrayDequePerformanceTest.constructorCollection","avgt",1,3,169650.836271,28312.668688,"ns/op",70000
"customdeque.CustomArrayDequePerformanceTest.constructorCollection","avgt",1,3,202151.045431,49878.920456,"ns/op",80000
"customdeque.CustomArrayDequePerformanceTest.constructorCollection","avgt",1,3,246765.659945,333897.604656,"ns/op",90000
"customdeque.CustomArrayDequePerformanceTest.constructorCollection","avgt",1,3,263123.534899,273268.059224,"ns/op",100000
"customdeque.CustomArrayDequePerformanceTest.constructorDefault","avgt",1,3,29.071509,173.177756,"ns/op",10000
"customdeque.CustomArrayDequePerformanceTest.constructorDefault","avgt",1,3,40.511143,35.697704,"ns/op",20000
"customdeque.CustomArrayDequePerformanceTest.constructorDefault","avgt",1,3,46.033867,132.596925,"ns/op",30000
"customdeque.CustomArrayDequePerformanceTest.constructorDefault","avgt",1,3,51.910455,35.084022,"ns/op",40000
"customdeque.CustomArrayDequePerformanceTest.constructorDefault","avgt",1,3,68.375360,385.993148,"ns/op",50000
"customdeque.CustomArrayDequePerformanceTest.constructorDefault","avgt",1,3,48.957874,146.495089,"ns/op",60000
"customdeque.CustomArrayDequePerformanceTest.constructorDefault","avgt",1,3,72.480934,586.381457,"ns/op",70000
"customdeque.CustomArrayDequePerformanceTest.constructorDefault","avgt",1,3,91.569021,342.974295,"ns/op",80000
"customdeque.CustomArrayDequePerformanceTest.constructorDefault","avgt",1,3,80.282439,468.647582,"ns/op",90000
"customdeque.CustomArrayDequePerformanceTest.constructorDefault","avgt",1,3,93.938390,407.631053,"ns/op",100000
"customdeque.CustomArrayDequePerformanceTest.contains","avgt",1,3,10268.772206,103230.147115,"ns/op",10000
"customdeque.CustomArrayDequePerformanceTest.contains","avgt",1,3,8040.299300,1941.846439,"ns/op",20000
"customdeque.CustomArrayDequePerformanceTest.contains","avgt",1,3,11640.919425,3038.750275,"ns/op",30000
"customdeque.CustomArrayDequePerformanceTest.contains","avgt",1,3,15693.682821,4303.973224,"ns/op",40000
"customdeque.CustomArrayDequePerformanceTest.contains","avgt",1,3,19342.609024,2391.695420,"ns/op",50000
"customdeque.CustomArrayDequePerformanceTest.contains","avgt",1,3,23304.388654,2439.365268,"ns/op",60000
"customdeque.CustomArrayDequePerformanceTest.contains","avgt",1,3,32687.882030,199511.032052,"ns/op",70000
"customdeque.CustomArrayDequePerformanceTest.contains","avgt",1,3,51917.012009,633764.103349,"ns/op",80000
"customdeque.CustomArrayDequePerformanceTest.contains","avgt",1,3,37725.488276,114085.232633,"ns/op",90000
"customdeque.CustomArrayDequePerformanceTest.contains","avgt",1,3,88450.033584,1068435.451616,"ns/op",100000
"customdeque.CustomArrayDequePerformanceTest.containsAll","avgt",1,3,141069.553500,22061.780046,"ns/op",10000
"customdeque.CustomArrayDequePerformanceTest.containsAll","avgt",1,3,285204.102187,49079.763941,"ns/op",20000
"customdeque.CustomArrayDequePerformanceTest.containsAll","avgt",1,3,433424.566398,225164.960900,"ns/op",30000
"customdeque.CustomArrayDequePerformanceTest.containsAll","avgt",1,3,556441.560439,210425.020235,"ns/op",40000
"customdeque.CustomArrayDequePerformanceTest.containsAll","avgt",1,3,703280.827623,476190.148096,"ns/op",50000
"customdeque.CustomArrayDequePerformanceTest.containsAll","avgt",1,3,847941.279144,83774.276491,"ns/op",60000
"customdeque.CustomArrayDequePerformanceTest.containsAll","avgt",1,3,970706.842427,53156.686788,"ns/op",70000
"customdeque.CustomArrayDequePerformanceTest.containsAll","avgt",1,3,1126112.918910,108148.091704,"ns/op",80000
"customdeque.CustomArrayDequePerformanceTest.containsAll","avgt",1,3,1273000.897854,45767.315994,"ns/op",90000
"customdeque.CustomArrayDequePerformanceTest.containsAll","avgt",1,3,1399430.904990,361816.230939,"ns/op",100000
"customdeque.CustomArrayDequePerformanceTest.descendingIteratorConsumption","avgt",1,3,6665.443689,874.464727,"ns/op",10000
"customdeque.CustomArrayDequePerformanceTest.descendingIteratorConsumption","avgt",1,3,13009.415468,2935.221992,"ns/op",20000
"customdeque.CustomArrayDequePerformanceTest.descendingIteratorConsumption","avgt",1,3,19272.296427,6671.161866,"ns/op",30000
"customdeque.CustomArrayDequePerformanceTest.descendingIteratorConsumption","avgt",1,3,25181.223165,1503.092656,"ns/op",40000
"customdeque.CustomArrayDequePerformanceTest.descendingIteratorConsumption","avgt",1,3,31594.674424,1657.334511,"ns/op",50000
"customdeque.CustomArrayDequePerformanceTest.descendingIteratorConsumption","avgt",1,3,37980.085870,679.658967,"ns/op",60000
"customdeque.CustomArrayDequePerformanceTest.descendingIteratorConsumption","avgt",1,3,44072.887793,13523.825836,"ns/op",70000
"customdeque.CustomArrayDequePerformanceTest.descendingIteratorConsumption","avgt",1,3,50784.385658,14264.665337,"ns/op",80000
"customdeque.CustomArrayDequePerformanceTest.descendingIteratorConsumption","avgt",1,3,60266.550169,79687.874151,"ns/op",90000
"customdeque.CustomArrayDequePerformanceTest.descendingIteratorConsumption","avgt",1,3,62947.175307,22180.308131,"ns/op",100000
"customdeque.CustomArrayDequePerformanceTest.element","avgt",1,3,28.976192,166.089684,"ns/op",10000
"customdeque.CustomArrayDequePerformanceTest.element","avgt",1,3,47.268508,11.783489,"ns/op",20000
"customdeque.CustomArrayDequePerformanceTest.element","avgt",1,3,45.436300,34.713135,"ns/op",30000
"customdeque.CustomArrayDequePerformanceTest.element","avgt",1,3,39.817512,17.078208,"ns/op",40000
"customdeque.CustomArrayDequePerformanceTest.element","avgt",1,3,41.400933,33.120111,"ns/op",50000
"customdeque.CustomArrayDequePerformanceTest.element","avgt",1,3,46.051767,105.560991,"ns/op",60000
"customdeque.CustomArrayDequePerformanceTest.element","avgt",1,3,50.475898,135.206614,"ns/op",70000
"customdeque.CustomArrayDequePerformanceTest.element","avgt",1,3,44.153473,124.612023,"ns/op",80000
"customdeque.CustomArrayDequePerformanceTest.element","avgt",1,3,76.890142,537.663784,"ns/op",90000
"customdeque.CustomArrayDequePerformanceTest.element","avgt",1,3,82.460851,188.803492,"ns/op",100000
"customdeque.CustomArrayDequePerformanceTest.equalsBenchmark","avgt",1,3,56961.048215,7470.365378,"ns/op",10000
"customdeque.CustomArrayDequePerformanceTest.equalsBenchmark","avgt",1,3,144985.833334,21454.115308,"ns/op",20000
"customdeque.CustomArrayDequePerformanceTest.equalsBenchmark","avgt",1,3,214976.468891,930.220733,"ns/op",30000
"customdeque.CustomArrayDequePerformanceTest.equalsBenchmark","avgt",1,3,291912.932887,38074.681280,"ns/op",40000
"customdeque.CustomArrayDequePerformanceTest.equalsBenchmark","avgt",1,3,357821.194939,185848.402311,"ns/op",50000
"customdeque.CustomArrayDequePerformanceTest.equalsBenchmark","avgt",1,3,424493.682542,266403.816817,"ns/op",60000
"customdeque.CustomArrayDequePerformanceTest.equalsBenchmark","avgt",1,3,483609.501758,376179.634298,"ns/op",70000
"customdeque.CustomArrayDequePerformanceTest.equalsBenchmark","avgt",1,3,544720.235073,303709.746374,"ns/op",80000
"customdeque.CustomArrayDequePerformanceTest.equalsBenchmark","avgt",1,3,652029.758516,1151668.093962,"ns/op",90000
"customdeque.CustomArrayDequePerformanceTest.equalsBenchmark","avgt",1,3,682540.614279,81542.921647,"ns/op",100000
"customdeque.CustomArrayDequePerformanceTest.getFirst","avgt",1,3,29.712078,222.579840,"ns/op",10000
"customdeque.CustomArrayDequePerformanceTest.getFirst","avgt",1,3,40.741098,7.208334,"ns/op",20000
"customdeque.CustomArrayDequePerformanceTest.getFirst","avgt",1,3,36.080549,11.053697,"ns/op",30000
"customdeque.CustomArrayDequePerformanceTest.getFirst","avgt",1,3,64.039735,54.724258,"ns/op",40000
"customdeque.CustomArrayDequePerformanceTest.getFirst","avgt",1,3,46.128305,42.399468,"ns/op",50000
"customdeque.CustomArrayDequePerformanceTest.getFirst","avgt",1,3,68.235701,123.551918,"ns/op",60000
"customdeque.CustomArrayDequePerformanceTest.getFirst","avgt",1,3,72.103139,285.563717,"ns/op",70000
"customdeque.CustomArrayDequePerformanceTest.getFirst","avgt",1,3,100.833116,537.074316,"ns/op",80000
"customdeque.CustomArrayDequePerformanceTest.getFirst","avgt",1,3,60.315254,389.863518,"ns/op",90000
"customdeque.CustomArrayDequePerformanceTest.getFirst","avgt",1,3,169.849359,1102.073349,"ns/op",100000
"customdeque.CustomArrayDequePerformanceTest.getLast","avgt",1,3,35.121568,256.510396,"ns/op",10000
"customdeque.CustomArrayDequePerformanceTest.getLast","avgt",1,3,49.785969,103.358366,"ns/op",20000
"customdeque.CustomArrayDequePerformanceTest.getLast","avgt",1,3,52.754101,284.049092,"ns/op",30000
"customdeque.CustomArrayDequePerformanceTest.getLast","avgt",1,3,54.654861,65.963197,"ns/op",40000
"customdeque.CustomArrayDequePerformanceTest.getLast","avgt",1,3,70.382731,272.865704,"ns/op",50000
"customdeque.CustomArrayDequePerformanceTest.getLast","avgt",1,3,67.152292,256.942215,"ns/op",60000
"customdeque.CustomArrayDequePerformanceTest.getLast","avgt",1,3,45.902707,114.484366,"ns/op",70000
"customdeque.CustomArrayDequePerformanceTest.getLast","avgt",1,3,47.760922,105.359449,"ns/op",80000
"customdeque.CustomArrayDequePerformanceTest.getLast","avgt",1,3,66.417278,227.052197,"ns/op",90000
"customdeque.CustomArrayDequePerformanceTest.getLast","avgt",1,3,77.177788,777.151136,"ns/op",100000
"customdeque.CustomArrayDequePerformanceTest.isEmpty","avgt",1,3,29.438761,261.053979,"ns/op",10000
"customdeque.CustomArrayDequePerformanceTest.isEmpty","avgt",1,3,42.728276,17.400129,"ns/op",20000
"customdeque.CustomArrayDequePerformanceTest.isEmpty","avgt",1,3,45.197331,63.975282,"ns/op",30000
"customdeque.CustomArrayDequePerformanceTest.isEmpty","avgt",1,3,43.252154,21.776323,"ns/op",40000
"customdeque.CustomArrayDequePerformanceTest.isEmpty","avgt",1,3,46.408572,66.966828,"ns/op",50000
"customdeque.CustomArrayDequePerformanceTest.isEmpty","avgt",1,3,47.435058,122.132328,"ns/op",60000
"customdeque.CustomArrayDequePerformanceTest.isEmpty","avgt",1,3,73.004659,325.286479,"ns/op",70000
"customdeque.CustomArrayDequePerformanceTest.isEmpty","avgt",1,3,48.716631,39.916741,"ns/op",80000
"customdeque.CustomArrayDequePerformanceTest.isEmpty","avgt",1,3,101.343032,290.101098,"ns/op",90000
"customdeque.CustomArrayDequePerformanceTest.isEmpty","avgt",1,3,73.985692,337.565593,"ns/op",100000
"customdeque.CustomArrayDequePerformanceTest.iteratorConsumption","avgt",1,3,7134.872739,59.756985,"ns/op",10000
"customdeque.CustomArrayDequePerformanceTest.iteratorConsumption","avgt",1,3,13802.493904,3666.939886,"ns/op",20000
"customdeque.CustomArrayDequePerformanceTest.iteratorConsumption","avgt",1,3,20344.176130,3511.687108,"ns/op",30000
"customdeque.CustomArrayDequePerformanceTest.iteratorConsumption","avgt",1,3,27945.219396,4635.498058,"ns/op",40000
"customdeque.CustomArrayDequePerformanceTest.iteratorConsumption","avgt",1,3,34277.240664,11881.336500,"ns/op",50000
"customdeque.CustomArrayDequePerformanceTest.iteratorConsumption","avgt",1,3,40871.919201,40000.012399,"ns/op",60000
"customdeque.CustomArrayDequePerformanceTest.iteratorConsumption","avgt",1,3,50435.857248,38286.269788,"ns/op",70000
"customdeque.CustomArrayDequePerformanceTest.iteratorConsumption","avgt",1,3,58425.848634,105972.105356,"ns/op",80000
"customdeque.CustomArrayDequePerformanceTest.iteratorConsumption","avgt",1,3,63401.264309,41240.675365,"ns/op",90000
"customdeque.CustomArrayDequePerformanceTest.iteratorConsumption","avgt",1,3,68075.068111,46307.845284,"ns/op",100000
"customdeque.CustomArrayDequePerformanceTest.offer","avgt",1,3,33689.010115,6546.880024,"ns/op",10000
"customdeque.CustomArrayDequePerformanceTest.offer","avgt",1,3,68192.323526,9394.866450,"ns/op",20000
"customdeque.CustomArrayDequePerformanceTest.offer","avgt",1,3,93268.754336,10208.721650,"ns/op",30000
"customdeque.CustomArrayDequePerformanceTest.offer","avgt",1,3,130031.234849,14608.073146,"ns/op",40000
"customdeque.CustomArrayDequePerformanceTest.offer","avgt",1,3,175595.065256,241755.893407,"ns/op",50000
"customdeque.CustomArrayDequePerformanceTest.offer","avgt",1,3,186483.692682,151295.394401,"ns/op",60000
"customdeque.CustomArrayDequePerformanceTest.offer","avgt",1,3,237480.125301,65177.731869,"ns/op",70000
"customdeque.CustomArrayDequePerformanceTest.offer","avgt",1,3,271224.129694,39432.043168,"ns/op",80000
"customdeque.CustomArrayDequePerformanceTest.offer","avgt",1,3,302828.833356,290514.457086,"ns/op",90000
"customdeque.CustomArrayDequePerformanceTest.offer","avgt",1,3,315139.954236,11012.208644,"ns/op",100000
"customdeque.CustomArrayDequePerformanceTest.offerFirst","avgt",1,3,33134.672329,11986.070952,"ns/op",10000
"customdeque.CustomArrayDequePerformanceTest.offerFirst","avgt",1,3,68223.748240,29133.249976,"ns/op",20000
"customdeque.CustomArrayDequePerformanceTest.offerFirst","avgt",1,3,95000.000494,28855.337719,"ns/op",30000
"customdeque.CustomArrayDequePerformanceTest.offerFirst","avgt",1,3,127173.355305,7327.536824,"ns/op",40000
"customdeque.CustomArrayDequePerformanceTest.offerFirst","avgt",1,3,158850.713582,102729.976705,"ns/op",50000
"customdeque.CustomArrayDequePerformanceTest.offerFirst","avgt",1,3,183005.724225,157143.084455,"ns/op",60000
"customdeque.CustomArrayDequePerformanceTest.offerFirst","avgt",1,3,221835.765693,150966.662464,"ns/op",70000
"customdeque.CustomArrayDequePerformanceTest.offerFirst","avgt",1,3,251723.250372,31250.233052,"ns/op",80000
"customdeque.CustomArrayDequePerformanceTest.offerFirst","avgt",1,3,280415.854813,52569.590607,"ns/op",90000
"customdeque.CustomArrayDequePerformanceTest.offerFirst","avgt",1,3,301407.131379,59341.463529,"ns/op",100000
"customdeque.CustomArrayDequePerformanceTest.offerLast","avgt",1,3,35303.541933,3267.052525,"ns/op",10000
"customdeque.CustomArrayDequePerformanceTest.offerLast","avgt",1,3,70732.790812,23503.773892,"ns/op",20000
"customdeque.CustomArrayDequePerformanceTest.offerLast","avgt",1,3,106664.625546,26386.357370,"ns/op",30000
"customdeque.CustomArrayDequePerformanceTest.offerLast","avgt",1,3,140814.031180,4320.674637,"ns/op",40000
"customdeque.CustomArrayDequePerformanceTest.offerLast","avgt",1,3,194550.326583,234453.741504,"ns/op",50000
"customdeque.CustomArrayDequePerformanceTest.offerLast","avgt",1,3,194749.000354,33345.530843,"ns/op",60000
"customdeque.CustomArrayDequePerformanceTest.offerLast","avgt",1,3,253695.709067,63303.349536,"ns/op",70000
"customdeque.CustomArrayDequePerformanceTest.offerLast","avgt",1,3,313053.505137,355546.505613,"ns/op",80000
"customdeque.CustomArrayDequePerformanceTest.offerLast","avgt",1,3,311890.243249,114331.757879,"ns/op",90000
"customdeque.CustomArrayDequePerformanceTest.offerLast","avgt",1,3,334256.324418,174225.527770,"ns/op",100000
"customdeque.CustomArrayDequePerformanceTest.peek","avgt",1,3,31.108811,177.942497,"ns/op",10000
"customdeque.CustomArrayDequePerformanceTest.peek","avgt",1,3,52.467549,245.190514,"ns/op",20000
"customdeque.CustomArrayDequePerformanceTest.peek","avgt",1,3,50.828791,86.814239,"ns/op",30000
"customdeque.CustomArrayDequePerformanceTest.peek","avgt",1,3,36.901607,39.041821,"ns/op",40000
"customdeque.CustomArrayDequePerformanceTest.peek","avgt",1,3,53.843757,255.750685,"ns/op",50000
"customdeque.CustomArrayDequePerformanceTest.peek","avgt",1,3,45.616689,227.251250,"ns/op",60000
"customdeque.CustomArrayDequePerformanceTest.peek","avgt",1,3,38.436557,38.568987,"ns/op",70000
"customdeque.CustomArrayDequePerformanceTest.peek","avgt",1,3,46.374286,134.878538,"ns/op",80000
"customdeque.CustomArrayDequePerformanceTest.peek","avgt",1,3,94.879810,179.389721,"ns/op",90000
"customdeque.CustomArrayDequePerformanceTest.peek","avgt",1,3,82.040928,687.340825,"ns/op",100000
"customdeque.CustomArrayDequePerformanceTest.peekFirst","avgt",1,3,35.188970,153.351188,"ns/op",10000
"customdeque.CustomArrayDequePerformanceTest.peekFirst","avgt",1,3,48.557506,120.232612,"ns/op",20000
"customdeque.CustomArrayDequePerformanceTest.peekFirst","avgt",1,3,47.285324,109.143192,"ns/op",30000
"customdeque.CustomArrayDequePerformanceTest.peekFirst","avgt",1,3,53.845113,273.251519,"ns/op",40000
"customdeque.CustomArrayDequePerformanceTest.peekFirst","avgt",1,3,90.259020,293.292646,"ns/op",50000
"customdeque.CustomArrayDequePerformanceTest.peekFirst","avgt",1,3,123.637795,525.817452,"ns/op",60000
"customdeque.CustomArrayDequePerformanceTest.peekFirst","avgt",1,3,128.687618,454.746293,"ns/op",70000
"customdeque.CustomArrayDequePerformanceTest.peekFirst","avgt",1,3,70.392637,663.330328,"ns/op",80000
"customdeque.CustomArrayDequePerformanceTest.peekFirst","avgt",1,3,77.494090,384.588313,"ns/op",90000
"customdeque.CustomArrayDequePerformanceTest.peekFirst","avgt",1,3,76.502747,582.168317,"ns/op",100000
"customdeque.CustomArrayDequePerformanceTest.peekLast","avgt",1,3,26.755327,190.494968,"ns/op",10000
"customdeque.CustomArrayDequePerformanceTest.peekLast","avgt",1,3,37.214761,41.342904,"ns/op",20000
"customdeque.CustomArrayDequePerformanceTest.peekLast","avgt",1,3,42.534688,23.919073,"ns/op",30000
"customdeque.CustomArrayDequePerformanceTest.peekLast","avgt",1,3,49.530723,49.801775,"ns/op",40000
"customdeque.CustomArrayDequePerformanceTest.peekLast","avgt",1,3,45.512023,54.524683,"ns/op",50000
"customdeque.CustomArrayDequePerformanceTest.peekLast","avgt",1,3,48.914344,135.443300,"ns/op",60000
"customdeque.CustomArrayDequePerformanceTest.peekLast","avgt",1,3,84.121457,284.116433,"ns/op",70000
"customdeque.CustomArrayDequePerformanceTest.peekLast","avgt",1,3,114.295942,1238.551951,"ns/op",80000
"customdeque.CustomArrayDequePerformanceTest.peekLast","avgt",1,3,55.133727,312.008908,"ns/op",90000
"customdeque.CustomArrayDequePerformanceTest.peekLast","avgt",1,3,92.070662,845.064330,"ns/op",100000
"customdeque.CustomArrayDequePerformanceTest.poll","avgt",1,3,19178.335221,59093.888135,"ns/op",10000
"customdeque.CustomArrayDequePerformanceTest.poll","avgt",1,3,45442.522019,6127.453409,"ns/op",20000
"customdeque.CustomArrayDequePerformanceTest.poll","avgt",1,3,66204.533565,2500.539178,"ns/op",30000
"customdeque.CustomArrayDequePerformanceTest.poll","avgt",1,3,92189.041977,5564.204798,"ns/op",40000
"customdeque.CustomArrayDequePerformanceTest.poll","avgt",1,3,118030.472429,51868.477086,"ns/op",50000
"customdeque.CustomArrayDequePerformanceTest.poll","avgt",1,3,142031.339950,57500.494703,"ns/op",60000
"customdeque.CustomArrayDequePerformanceTest.poll","avgt",1,3,171245.248766,61012.017698,"ns/op",70000
"customdeque.CustomArrayDequePerformanceTest.poll","avgt",1,3,200681.169130,127888.202407,"ns/op",80000
"customdeque.CustomArrayDequePerformanceTest.poll","avgt",1,3,217904.239826,85943.740660,"ns/op",90000
"customdeque.CustomArrayDequePerformanceTest.poll","avgt",1,3,240446.231278,50675.856427,"ns/op",100000
"customdeque.CustomArrayDequePerformanceTest.pollFirst","avgt",1,3,19638.381398,64788.314124,"ns/op",10000
"customdeque.CustomArrayDequePerformanceTest.pollFirst","avgt",1,3,47937.750466,35402.335446,"ns/op",20000
"customdeque.CustomArrayDequePerformanceTest.pollFirst","avgt",1,3,68467.765770,7725.727822,"ns/op",30000
"customdeque.CustomArrayDequePerformanceTest.pollFirst","avgt",1,3,97470.087617,46531.386794,"ns/op",40000
"customdeque.CustomArrayDequePerformanceTest.pollFirst","avgt",1,3,115449.138585,29635.097756,"ns/op",50000
"customdeque.CustomArrayDequePerformanceTest.pollFirst","avgt",1,3,140753.269337,44399.545735,"ns/op",60000
"customdeque.CustomArrayDequePerformanceTest.pollFirst","avgt",1,3,169571.397199,21482.209566,"ns/op",70000
"customdeque.CustomArrayDequePerformanceTest.pollFirst","avgt",1,3,188153.192061,1537.783705,"ns/op",80000
"customdeque.CustomArrayDequePerformanceTest.pollFirst","avgt",1,3,225203.517094,144182.362491,"ns/op",90000
"customdeque.CustomArrayDequePerformanceTest.pollFirst","avgt",1,3,249401.465640,201570.717572,"ns/op",100000
"customdeque.CustomArrayDequePerformanceTest.pollLast","avgt",1,3,18973.715515,31922.079029,"ns/op",10000
"customdeque.CustomArrayDequePerformanceTest.pollLast","avgt",1,3,44948.586268,2206.366316,"ns/op",20000
"customdeque.CustomArrayDequePerformanceTest.pollLast","avgt",1,3,67505.248510,8068.264385,"ns/op",30000
"customdeque.CustomArrayDequePerformanceTest.pollLast","avgt",1,3,91901.843791,6402.245805,"ns/op",40000
"customdeque.CustomArrayDequePerformanceTest.pollLast","avgt",1,3,116086.804398,21226.723401,"ns/op",50000
"customdeque.CustomArrayDequePerformanceTest.pollLast","avgt",1,3,137683.641878,26331.173592,"ns/op",60000
"customdeque.CustomArrayDequePerformanceTest.pollLast","avgt",1,3,166005.765474,58712.950140,"ns/op",70000
"customdeque.CustomArrayDequePerformanceTest.pollLast","avgt",1,3,191405.908157,65809.480408,"ns/op",80000
"customdeque.CustomArrayDequePerformanceTest.pollLast","avgt",1,3,218986.354878,60078.399267,"ns/op",90000
"customdeque.CustomArrayDequePerformanceTest.pollLast","avgt",1,3,240043.454981,23974.002861,"ns/op",100000
"customdeque.CustomArrayDequePerformanceTest.pop","avgt",1,3,22423.994564,4058.337834,"ns/op",10000
"customdeque.CustomArrayDequePerformanceTest.pop","avgt",1,3,46234.940251,16002.904748,"ns/op",20000
"customdeque.CustomArrayDequePerformanceTest.pop","avgt",1,3,69987.788614,23864.204279,"ns/op",30000
"customdeque.CustomArrayDequePerformanceTest.pop","avgt",1,3,94478.255063,22607.643734,"ns/op",40000
"customdeque.CustomArrayDequePerformanceTest.pop","avgt",1,3,115783.403820,32410.685134,"ns/op",50000
"customdeque.CustomArrayDequePerformanceTest.pop","avgt",1,3,138573.910015,13459.708745,"ns/op",60000
"customdeque.CustomArrayDequePerformanceTest.pop","avgt",1,3,167560.062017,35360.626519,"ns/op",70000
"customdeque.CustomArrayDequePerformanceTest.pop","avgt",1,3,192282.832286,18709.881732,"ns/op",80000
"customdeque.CustomArrayDequePerformanceTest.pop","avgt",1,3,218797.071759,36723.636885,"ns/op",90000
"customdeque.CustomArrayDequePerformanceTest.pop","avgt",1,3,239530.972035,56403.085465,"ns/op",100000
"customdeque.CustomArrayDequePerformanceTest.push","avgt",1,3,31976.463609,1474.356717,"ns/op",10000
"customdeque.CustomArrayDequePerformanceTest.push","avgt",1,3,63644.347537,22872.507978,"ns/op",20000
"customdeque.CustomArrayDequePerformanceTest.push","avgt",1,3,89953.264992,19032.759391,"ns/op",30000
"customdeque.CustomArrayDequePerformanceTest.push","avgt",1,3,119467.493462,1566.988737,"ns/op",40000
"customdeque.CustomArrayDequePerformanceTest.push","avgt",1,3,148081.396986,9448.442441,"ns/op",50000
"customdeque.CustomArrayDequePerformanceTest.push","avgt",1,3,173548.936729,113139.707342,"ns/op",60000
"customdeque.CustomArrayDequePerformanceTest.push","avgt",1,3,210792.706020,20796.481293,"ns/op",70000
"customdeque.CustomArrayDequePerformanceTest.push","avgt",1,3,240990.897355,19893.821896,"ns/op",80000
"customdeque.CustomArrayDequePerformanceTest.push","avgt",1,3,272453.620864,41794.282441,"ns/op",90000
"customdeque.CustomArrayDequePerformanceTest.push","avgt",1,3,287163.498833,13567.202089,"ns/op",100000
"customdeque.CustomArrayDequePerformanceTest.remove","avgt",1,3,22837.945231,7438.185576,"ns/op",10000
"customdeque.CustomArrayDequePerformanceTest.remove","avgt",1,3,45937.304851,3239.731421,"ns/op",20000
"customdeque.CustomArrayDequePerformanceTest.remove","avgt",1,3,71708.772298,55612.371234,"ns/op",30000
"customdeque.CustomArrayDequePerformanceTest.remove","avgt",1,3,94576.614277,23323.251919,"ns/op",40000
"customdeque.CustomArrayDequePerformanceTest.remove","avgt",1,3,116963.144179,7644.633529,"ns/op",50000
"customdeque.CustomArrayDequePerformanceTest.remove","avgt",1,3,141895.051071,8789.862980,"ns/op",60000
"customdeque.CustomArrayDequePerformanceTest.remove","avgt",1,3,182687.399528,198194.600027,"ns/op",70000
"customdeque.CustomArrayDequePerformanceTest.remove","avgt",1,3,194747.999797,24582.207037,"ns/op",80000
"customdeque.CustomArrayDequePerformanceTest.remove","avgt",1,3,221911.071336,167499.785104,"ns/op",90000
"customdeque.CustomArrayDequePerformanceTest.remove","avgt",1,3,249277.783222,118960.719289,"ns/op",100000
"customdeque.CustomArrayDequePerformanceTest.removeAll","avgt",1,3,152954.404713,35771.806101,"ns/op",10000
"customdeque.CustomArrayDequePerformanceTest.removeAll","avgt",1,3,310253.474168,122620.848909,"ns/op",20000
"customdeque.CustomArrayDequePerformanceTest.removeAll","avgt",1,3,485569.375883,260533.565813,"ns/op",30000
"customdeque.CustomArrayDequePerformanceTest.removeAll","avgt",1,3,655366.618205,785473.443758,"ns/op",40000
"customdeque.CustomArrayDequePerformanceTest.removeAll","avgt",1,3,810727.519258,694430.327485,"ns/op",50000
"customdeque.CustomArrayDequePerformanceTest.removeAll","avgt",1,3,1049485.611142,3444509.101382,"ns/op",60000
"customdeque.CustomArrayDequePerformanceTest.removeAll","avgt",1,3,1155659.466150,46162.692526,"ns/op",70000
"customdeque.CustomArrayDequePerformanceTest.removeAll","avgt",1,3,1254963.846090,172482.962831,"ns/op",80000
"customdeque.CustomArrayDequePerformanceTest.removeAll","avgt",1,3,1455070.628763,1104022.329825,"ns/op",90000
"customdeque.CustomArrayDequePerformanceTest.removeAll","avgt",1,3,1579350.099856,182910.625621,"ns/op",100000
"customdeque.CustomArrayDequePerformanceTest.removeFirst","avgt",1,3,22308.725769,794.212004,"ns/op",10000
"customdeque.CustomArrayDequePerformanceTest.removeFirst","avgt",1,3,45595.596186,8921.717217,"ns/op",20000
"customdeque.CustomArrayDequePerformanceTest.removeFirst","avgt",1,3,67712.559467,1819.405427,"ns/op",30000
"customdeque.CustomArrayDequePerformanceTest.removeFirst","avgt",1,3,94111.259296,44646.786859,"ns/op",40000
"customdeque.CustomArrayDequePerformanceTest.removeFirst","avgt",1,3,121492.971739,89794.996608,"ns/op",50000
"customdeque.CustomArrayDequePerformanceTest.removeFirst","avgt",1,3,136210.918357,91.215542,"ns/op",60000
"customdeque.CustomArrayDequePerformanceTest.removeFirst","avgt",1,3,168668.058094,60419.809540,"ns/op",70000
"customdeque.CustomArrayDequePerformanceTest.removeFirst","avgt",1,3,191593.012970,15002.800128,"ns/op",80000
"customdeque.CustomArrayDequePerformanceTest.removeFirst","avgt",1,3,222781.020269,41199.775281,"ns/op",90000
"customdeque.CustomArrayDequePerformanceTest.removeFirst","avgt",1,3,271587.366926,730100.411633,"ns/op",100000
"customdeque.CustomArrayDequePerformanceTest.removeFirstOccurrence","avgt",1,3,29488.055137,47094.024978,"ns/op",10000
"customdeque.CustomArrayDequePerformanceTest.removeFirstOccurrence","avgt",1,3,68540.978403,23404.980376,"ns/op",20000
"customdeque.CustomArrayDequePerformanceTest.removeFirstOccurrence","avgt",1,3,109172.011434,155678.713909,"ns/op",30000
"customdeque.CustomArrayDequePerformanceTest.removeFirstOccurrence","avgt",1,3,144005.407262,40758.906192,"ns/op",40000
"customdeque.CustomArrayDequePerformanceTest.removeFirstOccurrence","avgt",1,3,178712.386167,117391.300164,"ns/op",50000
"customdeque.CustomArrayDequePerformanceTest.removeFirstOccurrence","avgt",1,3,221796.675264,423275.412421,"ns/op",60000
"customdeque.CustomArrayDequePerformanceTest.removeFirstOccurrence","avgt",1,3,329583.515649,515411.483563,"ns/op",70000
"customdeque.CustomArrayDequePerformanceTest.removeFirstOccurrence","avgt",1,3,355086.790060,778011.130133,"ns/op",80000
"customdeque.CustomArrayDequePerformanceTest.removeFirstOccurrence","avgt",1,3,399307.446366,663467.449133,"ns/op",90000
"customdeque.CustomArrayDequePerformanceTest.removeFirstOccurrence","avgt",1,3,476715.594265,66449.886971,"ns/op",100000
"customdeque.CustomArrayDequePerformanceTest.removeLast","avgt",1,3,22426.692880,3222.620000,"ns/op",10000
"customdeque.CustomArrayDequePerformanceTest.removeLast","avgt",1,3,52308.640644,58426.814978,"ns/op",20000
"customdeque.CustomArrayDequePerformanceTest.removeLast","avgt",1,3,72347.709946,77184.531203,"ns/op",30000
"customdeque.CustomArrayDequePerformanceTest.removeLast","avgt",1,3,97051.187329,23889.561147,"ns/op",40000
"customdeque.CustomArrayDequePerformanceTest.removeLast","avgt",1,3,128077.944410,129833.745430,"ns/op",50000
"customdeque.CustomArrayDequePerformanceTest.removeLast","avgt",1,3,144175.164420,47709.715640,"ns/op",60000
"customdeque.CustomArrayDequePerformanceTest.removeLast","avgt",1,3,175683.964533,96769.686895,"ns/op",70000
"customdeque.CustomArrayDequePerformanceTest.removeLast","avgt",1,3,198752.526621,101596.352669,"ns/op",80000
"customdeque.CustomArrayDequePerformanceTest.removeLast","avgt",1,3,222895.853897,18739.434274,"ns/op",90000
"customdeque.CustomArrayDequePerformanceTest.removeLast","avgt",1,3,304062.144926,1012514.700033,"ns/op",100000
"customdeque.CustomArrayDequePerformanceTest.removeLastOccurrence","avgt",1,3,29087.693361,111108.891610,"ns/op",10000
"customdeque.CustomArrayDequePerformanceTest.removeLastOccurrence","avgt",1,3,79006.353398,144.115231,"ns/op",20000
"customdeque.CustomArrayDequePerformanceTest.removeLastOccurrence","avgt",1,3,117529.589776,21493.568991,"ns/op",30000
"customdeque.CustomArrayDequePerformanceTest.removeLastOccurrence","avgt",1,3,161092.703740,39107.920913,"ns/op",40000
"customdeque.CustomArrayDequePerformanceTest.removeLastOccurrence","avgt",1,3,208259.604663,285390.529246,"ns/op",50000
"customdeque.CustomArrayDequePerformanceTest.removeLastOccurrence","avgt",1,3,246868.865055,134736.245029,"ns/op",60000
"customdeque.CustomArrayDequePerformanceTest.removeLastOccurrence","avgt",1,3,293560.120938,207612.961938,"ns/op",70000
"customdeque.CustomArrayDequePerformanceTest.removeLastOccurrence","avgt",1,3,336093.314590,329482.863249,"ns/op",80000
"customdeque.CustomArrayDequePerformanceTest.removeLastOccurrence","avgt",1,3,381815.711565,280240.335124,"ns/op",90000
"customdeque.CustomArrayDequePerformanceTest.removeLastOccurrence","avgt",1,3,433718.404260,184971.894804,"ns/op",100000
"customdeque.CustomArrayDequePerformanceTest.removeObject","avgt",1,3,28526.218938,79153.901127,"ns/op",10000
"customdeque.CustomArrayDequePerformanceTest.removeObject","avgt",1,3,67346.795543,18646.285101,"ns/op",20000
"customdeque.CustomArrayDequePerformanceTest.removeObject","avgt",1,3,102899.973888,192363.768422,"ns/op",30000
"customdeque.CustomArrayDequePerformanceTest.removeObject","avgt",1,3,132915.954050,10265.936313,"ns/op",40000
"customdeque.CustomArrayDequePerformanceTest.removeObject","avgt",1,3,167279.494224,12168.545114,"ns/op",50000
"customdeque.CustomArrayDequePerformanceTest.removeObject","avgt",1,3,214009.038846,360078.519178,"ns/op",60000
"customdeque.CustomArrayDequePerformanceTest.removeObject","avgt",1,3,270541.719560,658542.813327,"ns/op",70000
"customdeque.CustomArrayDequePerformanceTest.removeObject","avgt",1,3,322081.841999,825665.591189,"ns/op",80000
"customdeque.CustomArrayDequePerformanceTest.removeObject","avgt",1,3,371008.995313,805394.502700,"ns/op",90000
"customdeque.CustomArrayDequePerformanceTest.removeObject","avgt",1,3,466223.267911,284940.452566,"ns/op",100000
"customdeque.CustomArrayDequePerformanceTest.retainAll","avgt",1,3,128102.040520,787.149796,"ns/op",10000
"customdeque.CustomArrayDequePerformanceTest.retainAll","avgt",1,3,286973.991195,147614.686241,"ns/op",20000
"customdeque.CustomArrayDequePerformanceTest.retainAll","avgt",1,3,431169.736978,59479.310319,"ns/op",30000
"customdeque.CustomArrayDequePerformanceTest.retainAll","avgt",1,3,586025.066280,133075.343483,"ns/op",40000
"customdeque.CustomArrayDequePerformanceTest.retainAll","avgt",1,3,738140.653253,981793.440428,"ns/op",50000
"customdeque.CustomArrayDequePerformanceTest.retainAll","avgt",1,3,880446.594607,399385.944240,"ns/op",60000
"customdeque.CustomArrayDequePerformanceTest.retainAll","avgt",1,3,1043177.166430,512117.060174,"ns/op",70000
"customdeque.CustomArrayDequePerformanceTest.retainAll","avgt",1,3,1449061.490403,2142144.839034,"ns/op",80000
"customdeque.CustomArrayDequePerformanceTest.retainAll","avgt",1,3,1336063.561023,417219.032875,"ns/op",90000
"customdeque.CustomArrayDequePerformanceTest.retainAll","avgt",1,3,1548844.420026,587719.618616,"ns/op",100000
"customdeque.CustomArrayDequePerformanceTest.size","avgt",1,3,27.596486,229.593921,"ns/op",10000
"customdeque.CustomArrayDequePerformanceTest.size","avgt",1,3,53.877313,34.560937,"ns/op",20000
"customdeque.CustomArrayDequePerformanceTest.size","avgt",1,3,50.909311,35.700889,"ns/op",30000
"customdeque.CustomArrayDequePerformanceTest.size","avgt",1,3,58.160079,136.220305,"ns/op",40000
"customdeque.CustomArrayDequePerformanceTest.size","avgt",1,3,52.981946,195.280298,"ns/op",50000
"customdeque.CustomArrayDequePerformanceTest.size","avgt",1,3,48.470099,17.042209,"ns/op",60000
"customdeque.CustomArrayDequePerformanceTest.size","avgt",1,3,54.950498,94.655563,"ns/op",70000
"customdeque.CustomArrayDequePerformanceTest.size","avgt",1,3,109.296978,1482.823434,"ns/op",80000
"customdeque.CustomArrayDequePerformanceTest.size","avgt",1,3,62.378438,372.484336,"ns/op",90000
"customdeque.CustomArrayDequePerformanceTest.size","avgt",1,3,69.751555,226.267234,"ns/op",100000
"customdeque.CustomArrayDequePerformanceTest.toArray","avgt",1,3,1398.551122,2180.712991,"ns/op",10000
"customdeque.CustomArrayDequePerformanceTest.toArray","avgt",1,3,2861.093543,224.916986,"ns/op",20000
"customdeque.CustomArrayDequePerformanceTest.toArray","avgt",1,3,4376.037521,1347.729325,"ns/op",30000
"customdeque.CustomArrayDequePerformanceTest.toArray","avgt",1,3,5863.583907,802.843198,"ns/op",40000
"customdeque.CustomArrayDequePerformanceTest.toArray","avgt",1,3,7466.707188,912.141979,"ns/op",50000
"customdeque.CustomArrayDequePerformanceTest.toArray","avgt",1,3,9635.909953,4474.569590,"ns/op",60000
"customdeque.CustomArrayDequePerformanceTest.toArray","avgt",1,3,13996.131793,95558.590783,"ns/op",70000
"customdeque.CustomArrayDequePerformanceTest.toArray","avgt",1,3,15093.439231,28511.688005,"ns/op",80000
"customdeque.CustomArrayDequePerformanceTest.toArray","avgt",1,3,13625.446179,8964.204952,"ns/op",90000
"customdeque.CustomArrayDequePerformanceTest.toArray","avgt",1,3,14874.910208,13727.726855,"ns/op",100000
"customdeque.CustomArrayDequePerformanceTest.toArrayTyped","avgt",1,3,6943.187192,2634.587476,"ns/op",10000
"customdeque.CustomArrayDequePerformanceTest.toArrayTyped","avgt",1,3,13834.643781,7594.720503,"ns/op",20000
"customdeque.CustomArrayDequePerformanceTest.toArrayTyped","avgt",1,3,19269.642027,1834.697325,"ns/op",30000
"customdeque.CustomArrayDequePerformanceTest.toArrayTyped","avgt",1,3,25402.106882,9783.609354,"ns/op",40000
"customdeque.CustomArrayDequePerformanceTest.toArrayTyped","avgt",1,3,31970.122013,8941.011929,"ns/op",50000
"customdeque.CustomArrayDequePerformanceTest.toArrayTyped","avgt",1,3,39549.084903,20589.206790,"ns/op",60000
"customdeque.CustomArrayDequePerformanceTest.toArrayTyped","avgt",1,3,45840.597359,26599.842580,"ns/op",70000
"customdeque.CustomArrayDequePerformanceTest.toArrayTyped","avgt",1,3,54881.794290,135396.186923,"ns/op",80000
"customdeque.CustomArrayDequePerformanceTest.toArrayTyped","avgt",1,3,61211.508516,20911.673632,"ns/op",90000
"customdeque.CustomArrayDequePerformanceTest.toArrayTyped","avgt",1,3,77351.493098,113454.788069,"ns/op",100000
"customdeque.CustomArrayDequePerformanceTest.toStringBenchmark","avgt",1,3,176760.314556,25406.337570,"ns/op",10000
"customdeque.CustomArrayDequePerformanceTest.toStringBenchmark","avgt",1,3,384603.631085,64608.819328,"ns/op",20000
"customdeque.CustomArrayDequePerformanceTest.toStringBenchmark","avgt",1,3,527794.320369,115422.078629,"ns/op",30000
"customdeque.CustomArrayDequePerformanceTest.toStringBenchmark","avgt",1,3,745893.683901,715571.780861,"ns/op",40000
"customdeque.CustomArrayDequePerformanceTest.toStringBenchmark","avgt",1,3,886698.919153,220166.382874,"ns/op",50000
"customdeque.CustomArrayDequePerformanceTest.toStringBenchmark","avgt",1,3,1175695.895346,833862.701999,"ns/op",60000
"customdeque.CustomArrayDequePerformanceTest.toStringBenchmark","avgt",1,3,1318282.400778,353031.490817,"ns/op",70000
"customdeque.CustomArrayDequePerformanceTest.toStringBenchmark","avgt",1,3,1386396.542282,402689.265521,"ns/op",80000
"customdeque.CustomArrayDequePerformanceTest.toStringBenchmark","avgt",1,3,1598529.696817,415909.672944,"ns/op",90000
"customdeque.CustomArrayDequePerformanceTest.toStringBenchmark","avgt",1,3,1857951.835199,129151.404879,"ns/op",100000
